{
    "loss": 6.102527618408203,
    "accuracy": 0.5784313678741455
}