{
    "loss": 5.120901107788086,
    "accuracy": 0.7843137383460999
}