{
    "loss": 3.6421167850494385,
    "accuracy": 0.4313725531101227
}